"","Variable","Weight"
"1","Puck_Recovery",0.550343964978111
"2","Take_aways",0.523764853033146
"3","dumps_Lost",0.511569731081926
"4","complete_play_Total",0.505003126954346
