"","Team","Dump In/Out","Faceoff Win","Goal","Incomplete Play","Penalty Taken","Play","Puck Recovery","Shot","Takeaway","Zone Entry","Matches","Rating","dumps_per_match","faceoff_wins_per_match","goals_per_match","Incomplete_passes_per_match","penalties_per_match","completed_passes_per_match","puck_recoveries_per_match","takeaways_per_match","zone_entries_per_match","pass_completion"
"1","Boston Pride",382,229,22,780,30,1910,1988,509,260,492,7,5.66774209240236,54.5714285714286,32.7142857142857,3.14285714285714,111.428571428571,4.28571428571429,272.857142857143,284,37.1428571428571,70.2857142857143,71.003717472119
"2","Buffalo Beauts",411,120,7,680,30,1219,1569,295,257,377,6,4.60348445315267,68.5,20,1.16666666666667,113.333333333333,5,203.166666666667,261.5,42.8333333333333,62.8333333333333,64.1916798314903
"3","Connecticut Whale",269,128,8,524,17,883,1150,274,165,224,4,5.10005823048269,67.25,32,2,131,4.25,220.75,287.5,41.25,56,62.7576403695807
"4","Metropolitan Riveters",219,82,7,327,11,748,811,166,132,194,3,5.31061611895617,73,27.3333333333333,2.33333333333333,109,3.66666666666667,249.333333333333,270.333333333333,44,64.6666666666667,69.5813953488372
"5","Minnesota Whitecaps",221,92,11,437,24,868,1006,225,151,239,4,5.27127373142378,55.25,23,2.75,109.25,6,217,251.5,37.75,59.75,66.5134099616858
"6","Toronto Six",361,195,21,682,32,1621,1690,440,242,418,6,6.07167350615531,60.1666666666667,32.5,3.5,113.666666666667,5.33333333333333,270.166666666667,281.666666666667,40.3333333333333,69.6666666666667,70.3864524533218
